{
  "Tampere": [
    61.4977929,
    23.7616372
  ],
  "Pori": [
    61.4866126,
    21.7972071
  ],
  "Nurmijärvi": [
    60.4628627,
    24.8051725
  ],
  "Turku": [
    60.4515942,
    22.2669988
  ],
  "Rovaniemi": [
    66.5025537,
    25.7303912
  ],
  "Valkeakoski": [
    61.2655907,
    24.0304573
  ],
  "Rajamäki": [
    60.5283255,
    24.754618
  ],
  "Oulu": [
    65.0117914,
    25.4701973
  ],
  "Ulvila": [
    61.4333298,
    21.8833199
  ],
  "Kempele": [
    64.91245,
    25.5108223
  ],
  "Tuusula": [
    60.4015818,
    25.0295324
  ],
  "Lohja": [
    60.2512041,
    24.0676953
  ],
  "Pedersöre": [
    63.5407579,
    23.0452112
  ],
  "Parainen": [
    60.3009089,
    22.302078
  ],
  "Lahti/Hollola": [
    60.9919833,
    25.5396018
  ],
  "Himanka": [
    64.0628458,
    23.6530833
  ],
  "Raasepori": [
    59.9285263,
    23.5219234
  ],
  "Raasepori, Mustio": [
    59.9285263,
    23.5219234
  ],
  "Kirkkonummi": [
    60.1217382,
    24.4406146
  ],
  "Jyväskylä": [
    62.241672,
    25.7495806
  ],
  "Kihniö": [
    62.2031212,
    23.1763928
  ],
  "Porvoo": [
    60.3944372,
    25.661997
  ],
  "Rusko": [
    60.5407302,
    22.2208801
  ],
  "Teijo": [
    60.2572635,
    22.9539692
  ],
  "Selviää myöhemmin": null,
  "Hämeenlinna": [
    60.9966192,
    24.465141
  ],
  "Ylläs": [
    67.5647092,
    24.2246252
  ],
  "sastamala": [
    61.3402939,
    22.9097256
  ],
  "Saariselkä": [
    68.4213976,
    27.4177638
  ],
  "Levi": [
    67.7844055,
    24.8557289
  ],
  "Seinäjoki": [
    62.790666,
    22.8397378
  ],
  "Säkylä, Eura, Pöytyä": [
    61.0460137,
    22.3430918
  ],
  "Jämijärvi": [
    61.819819,
    22.6916093
  ],
  "Kuusamo": [
    65.9645637,
    29.1883283
  ],
  "Syöte": [
    65.7477602,
    28.2150306
  ],
  "Sipoo": [
    60.3767057,
    25.2686042
  ],
  "Kalajoki": [
    64.260017,
    23.950545
  ],
  "Espoo": [
    60.2049651,
    24.6559808
  ],
  "Pälkäne": [
    61.3376,
    24.269
  ],
  "Janakkala": [
    60.917,
    24.65
  ],
  "Tahko": [
    63.2854,
    28.0332
  ],
  "Helsinki": [
    60.1666204,
    24.9435408
  ],
  "Himos, Jämsä": [
    61.8807831,
    25.2996258
  ],
  "Hollola": [
    60.9876102,
    25.516422
  ],
  "Iitti": [
    60.8906591,
    26.3421867
  ],
  "Kaarina": [
    60.407169,
    22.3678223
  ],
  "Kangasala": [
    61.4631266,
    24.0734703
  ],
  "Kiekonmaja": [
    65.175,
    25.364
  ],
  "Kokkola": [
    63.8391421,
    23.1336845
  ],
  "Kokonniemi Bike Park": [
    60.3944372,
    25.661997
  ],
  "Koli": [
    63.1179872,
    29.7840744
  ],
  "Kouvola": [
    60.8679237,
    26.7041116
  ],
  "Kuopio": [
    62.8924628,
    27.6783603
  ],
  "Käyrälammentie 20, 45200 Kouvola": [
    60.8883271,
    26.7739644
  ],
  "Lahti": [
    60.982628,
    25.6613418
  ],
  "Urheilukeskus": [
    60.9831204,
    25.6373855
  ],
  "Lahti, Urheilukeskus": [
    60.9831204,
    25.6373855
  ],
  "Levi, Sirkka, Finland": [
    67.7856163,
    24.8481636
  ],
  "Lieto": [
    60.5054982,
    22.4584171
  ],
  "Nastola": [
    60.9481563,
    25.9339026
  ],
  "Pietarsaari": [
    63.6744703,
    22.7055385
  ],
  "Tahkovuori": [
    63.2426345,
    28.0246745
  ],
  "Tuusula - Nurmijärvi - Hyvinkää - Mäntsälä - Sipoo -Tuusula": [
    60.4015818,
    25.0295324
  ],
  "Uimaharju, Joensuu": [
    62.9124195,
    30.2418513
  ],
  "Vantaa": [
    60.2929883,
    25.0436744
  ],
  "Ylläsjärvi": [
    67.5245354,
    24.3062996
  ],
  "Lahti - Pajulahti": [
    60.982628,
    25.6613418
  ]
}